{
  "config": {
    "n_grid": 400,
    "u_min": -4.0,
    "u_max": 4.0,
    "alpha": 0.0,
    "packet_count": 5,
    "packet_sigma": 1.0,
    "center_min": -2.5,
    "center_max": 2.5,
    "t_max": 8.0,
    "t_count": 81,
    "defect_t_max": 12.0,
    "defect_t_count": 21,
    "defect_eps": 0.05,
    "defect_envelope_decay": 0.0
  },
  "basis_dimension": 5,
  "c0": 0.03902615940272554,
  "eta": 0.566008637530572,
  "E_matrix": [
    [
      2.95433577510487,
      2.759495539795984,
      0.08834153367677586,
      0.40473092048158654,
      0.11282641536484775
    ],
    [
      2.759495539795984,
      5.2384678205918425,
      2.492504915516112,
      -0.6064285347730801,
      0.5804853938037295
    ],
    [
      0.08834153367677586,
      2.492504915516112,
      6.528953301012678,
      -2.513798841534315,
      0.7853683606670924
    ],
    [
      0.40473092048158654,
      -0.6064285347730801,
      -2.513798841534315,
      2.8562753997534234,
      -1.0224037823651773
    ],
    [
      0.11282641536484775,
      0.5804853938037295,
      0.7853683606670924,
      -1.0224037823651773,
      0.45593866888343887
    ]
  ],
  "D_matrix": [
    [
      0.5824760439281563,
      0.2490224536062433,
      -0.1998005242044787,
      0.1634832494243268,
      -0.04363969487229015
    ],
    [
      0.2490224536062433,
      0.8966189656459038,
      0.01335513518119481,
      0.0360493869024311,
      0.061338228022832106
    ],
    [
      -0.1998005242044787,
      0.01335513518119481,
      0.9106105532264862,
      -0.2896822719545068,
      0.028075140382287915
    ],
    [
      0.1634832494243268,
      0.0360493869024311,
      -0.2896822719545068,
      0.21272246560586433,
      -0.07131406611159721
    ],
    [
      -0.04363969487229015,
      0.061338228022832106,
      0.028075140382287915,
      -0.07131406611159721,
      0.050855104404449555
    ]
  ]
}